{"project_id": "d0ff92fa", "session_start": 1779795628.1799512, "last_run": 1779796459.1792657}